<?xml version="1.0" encoding="UTF-8" ?>
<!DOCTYPE mapper
        PUBLIC "-//mybatis.org//DTD Mapper 3.0//EN"
        "http://mybatis.org/dtd/mybatis-3-mapper.dtd">
<mapper namespace="com.itheima.mapper.BrandMapper">

    <resultMap id="brandResultMap" type="brand">
        <result property="create_time" column="create_time" />
        <result property="update_at" column="update_at" />
    </resultMap>


    <delete id="deleteByNums">


        delete from device where num in
        <foreach collection="nums" item="num" separator="," open="(" close=")">
            #{num}
        </foreach>

    </delete>

    <delete id="deleteByNum">
        delete from device where num = #{num};
    </delete>


    <select id="selectByPageAndCondition" resultMap="brandResultMap">
        select *
        from device
        <where>
            <if test="brand.id != null and brand.id != '' ">
                and id like #{brand.id}
            </if>
            <if test="brand.create_time != null and brand.create_time != '' ">
                and create_time like #{brand.create_time}
            </if>
            <if test="brand.update_at != null and brand.update_at != '' ">
                and update_at like #{brand.update_at}
            </if>
        </where>

        limit #{begin} , #{size}

    </select>
    <select id="selectTotalCountByCondition" resultType="java.lang.Integer">
        select count(*)
        from device
        <where>
            <if test="id != null and id != '' ">
                and id like #{id}
            </if>
            <if test="create_time != null and create_time != '' ">
                and create_time like #{create_time}
            </if>
            <if test="update_at != null and update_at != '' ">
                and update_at like #{update_at}
            </if>
        </where>
    </select>



</mapper>